{
  "hq_node": 1,
  "delivery_nodes_20": [
  2045, 3877, 8826, 9732, 3478,
  1783, 6195, 4369, 9414, 2829,
  7230, 6941, 7710, 8523, 5911,
  6816, 4298, 3209, 9653, 5227
   ], 
  "delivery_nodes_200": [
  4766, 3402, 3547, 7277, 9537, 2795, 5521, 2881, 8329, 8293,
  8659, 4990, 7300, 7580, 9409, 4352, 4159, 7543, 4785, 9833,
  3141, 7382, 7198, 9432, 2924, 8715, 9312, 4567, 7822, 6391,
  8385, 9384, 9779, 9034, 2630, 3242, 7167, 3393, 9741, 9180,
  2827, 9463, 8757, 9631, 2986, 4369, 2859, 8903, 7284, 6711,
  9647, 8316, 8589, 9908, 7831, 6405, 2235, 4319, 9903, 3781,
  9567, 2039, 4217, 6936, 8026, 6213, 4072, 5932, 6432, 3768,
  7021, 9395, 9601, 6970, 2794, 2236, 8710, 9150, 7395, 8764,
  9264, 4741, 9919, 8424, 4991, 9266, 2649, 2556, 7845, 3656,
  9651, 2722, 6374, 5563, 8727, 6084, 4344, 5414, 6092, 7236,
  9225, 4975, 8541, 8826, 9286, 3831, 6784, 6617, 2233, 9976,
  2753, 7251, 2523, 8925, 8591, 6149, 2282, 8452, 8852, 2675,
  2885, 8763, 3347, 4368, 3300, 3027, 2829, 4044, 2650, 4863,
  7533, 8446, 3074, 9664, 3407, 7444, 9965, 6992, 5298, 9128,
  2821, 9222, 8390, 3897, 3361, 3975, 8701, 3804, 7756, 9814,
  6442, 7447, 6241, 2084, 3714, 9522, 4734, 8897, 9826, 7227,
  9290, 7122, 9396, 7306, 3936, 6527, 7832, 7496, 7700, 5810,
  8888, 5852, 8688, 4290, 8569, 3243, 9560, 6260, 9304, 8626,
  9924, 8227, 8365, 8576, 4536, 5387, 4816, 3862, 8317, 9481
],
  "delivery_nodes_100": [
  4533, 2843, 4290, 4381, 6108, 3076, 7490, 8212, 6319, 3665,
  8822, 2105, 2999, 8382, 5363, 6922, 9247, 8896, 7415, 8585,
  4240, 6327, 1682, 5468, 4314, 2453, 4219, 4180, 9870, 9648,
  7255, 8461, 9394, 8465, 5487, 4345, 3134, 9387, 3930, 6129,
  4090, 8590, 2960, 9835, 9643, 2992, 8093, 3514, 4809, 3688,
  4960, 4223, 3161, 8861, 8591, 9963, 3726, 2292, 3863, 5634,
  2630, 5144, 5844, 8483, 9919, 2847, 4312, 6084, 2418, 2795,
  2958, 7375, 4322, 4072, 7895, 7948, 6655, 7705, 3142, 4094,
  7330, 3442, 4821, 4375, 6563, 6639, 7384, 2675, 6253, 7924,
  3525, 8094, 5852, 2994, 9266, 4726, 2417, 3318
],

  "hq_coordinates": [
    24.83804595801298,
    67.08121751599609
  ],
  "hq_address": "Iqra University - Main Campus, Karachi, Pakistan"
}